feature,importance
ccn,885.75
inpatient_beds_used_roll_std_8,585.25
week_of_year,582.25
inpatient_beds_used_roll_std_4,489.0
inpatient_beds_used_lag_4,468.25
hospital_capacity,315.5
icu_capacity,308.0
state,204.25
inpatient_beds_used_roll_mean_4,180.25
inpatient_beds_used_lag_2,180.0
month,178.5
inpatient_beds_used_lag_8,173.0
lat,134.0
inpatient_beds_used_roll_mean_8,127.25
lon,109.0
inpatient_beds_used_lag_1,96.0
inpatient_beds_used_roll_mean_4_baseline,30.75
hospital_subtype,5.25
is_metro_micro,0.0
